{"cameraMode":{"drawMode":0,"name":"Shaded","section":"Shading Mode"},"sceneLighting":true,"audioPlay":false,"sceneViewState":{"m_AlwaysRefresh":false,"showFog":true,"showSkybox":true,"showFlares":true,"showImageEffects":true,"showParticleSystems":true,"showVisualEffectGraphs":true,"m_FxEnabled":true},"in2DMode":false,"pivot":{"x":5.164969444274902,"y":0.28707730770111086,"z":-4.024856090545654},"rotation":{"x":-0.10434368997812271,"y":0.6278805136680603,"z":-0.08546846359968186,"w":-0.7663398385047913},"size":10.150694847106934,"orthographic":false}